Username,Password,Email,phone,Id,Type
ahmed7,25f9e794323b453885f5181f1b624d0b,ahmed@gmail.com,0112234567,12345678,1
Eman,25f9e794323b453885f5181f1b624d0b,eman@gamil.com,0123456786,12345674,0
ayman11,25f9e794323b453885f5181f1b624d0b,ayman@gamil.com,012345676567,98765432,1
Dalia8,25f9e794323b453885f5181f1b624d0b,dalia@aucegypt.edu,012938429384,23456789,1
Rama,25f9e794323b453885f5181f1b624d0b,rama@aucegypt.edu,012783423,34567890,1
Eslam,25f9e794323b453885f5181f1b624d0b,eslam@sk.dljs,0125639834,12345676,1
admin,21232f297a57a5a743894a0e4a801fc3,admin@admin.admin,01002144488,00000000,0
